OUT,Dormain,Phylum,Class,Order,Family,genus,Species,Label
BOTU_1,Bacteria,Fusobacteriota,Fusobacteriia,Fusobacteriales,Fusobacteriaceae,Cetobacterium,Cetobacterium somerae,BOTU_1_Cetobacterium somerae
BOTU_2,Bacteria,Pseudomonadota,Gammaproteobacteria,Enterobacterales,Enterobacteriaceae,Plesiomonas,Plesiomonas shigelloides,BOTU_2_Plesiomonas shigelloides
BOTU_3,Bacteria,Bacillota,Bacilli,Lactobacillales,Streptococcaceae,Lactococcus,Lactococcus lactis,BOTU_3_Lactococcus lactis
BOTU_4,Bacteria,Bacillota,Clostridia,Eubacteriales,Clostridiaceae,Clostridium,Clostridium butyricum,BOTU_4_Clostridium butyricum
BOTU_5,Bacteria,Pseudomonadota,Gammaproteobacteria,Enterobacterales,Enterobacteriaceae,Citrobacter,Citrobacter freundii,BOTU_5_Citrobacter freundii
BOTU_6,Bacteria,Pseudomonadota,Gammaproteobacteria,Enterobacterales,Hafniaceae,Edwardsiella,Edwardsiella tarda,BOTU_6_Edwardsiella tarda
BOTU_7,Bacteria,Bacillota,Clostridia,Eubacteriales,Clostridiaceae,Clostridium,Clostridium saudiense,BOTU_7_Clostridium saudiense
BOTU_8,Bacteria,Bacillota,Clostridia,Eubacteriales,Clostridiaceae,Clostridium,Clostridium disporicum,BOTU_8_Clostridium disporicum
BOTU_9,Bacteria,Pseudomonadota,Gammaproteobacteria,Enterobacterales,Enterobacteriaceae,Klebsiella,Klebsiella pneumoniae,BOTU_9_Klebsiella pneumoniae
BOTU_10,Bacteria,Pseudomonadota,Gammaproteobacteria,Enterobacterales,Hafniaceae,Edwardsiella,Edwardsiella hoshinae,BOTU_10_Edwardsiella hoshinae
BOTU_11,Bacteria,Bacillota,Bacilli,Lactobacillales,Streptococcaceae,Lactococcus,Lactococcus raffinolactis,BOTU_11_Lactococcus raffinolactis
BOTU_12,Bacteria,Pseudomonadota,Gammaproteobacteria,Enterobacterales,Enterobacteriaceae,Shigella,Shigella flexneri,BOTU_12_Shigella flexneri
BOTU_13,Bacteria,Bacillota,Clostridia,Peptostreptococcales,Peptostreptococcaceae,Faecalimicrobium,Faecalimicrobium dakarense,BOTU_13_Faecalimicrobium dakarense
BOTU_14,Bacteria,Bacillota,Clostridia,Peptostreptococcales,Peptostreptococcaceae,Romboutsia,Romboutsia timonensis,BOTU_14_Romboutsia timonensis
BOTU_15,Bacteria,Bacillota,Clostridia,Lachnospirales,Lachnospiraceae,Niameybacter,Niameybacter massiliensis,BOTU_15_Niameybacter massiliensis
BOTU_16,Bacteria,Pseudomonadota,Betaproteobacteria,Neisseriales,Neisseriaceae,Crenobacter,Crenobacter caeni,BOTU_16_Crenobacter caeni
BOTU_17,Bacteria,Pseudomonadota,Gammaproteobacteria,Enterobacterales,Enterobacteriaceae,Citrobacter,Citrobacter pasteurii,BOTU_17_Citrobacter pasteurii
BOTU_18,Bacteria,Pseudomonadota,Gammaproteobacteria,Enterobacterales,Enterobacteriaceae,Citrobacter,Citrobacter braakii,BOTU_18_Citrobacter braakii
BOTU_19,Bacteria,Pseudomonadota,Gammaproteobacteria,Enterobacterales,Enterobacteriaceae,Citrobacter,Citrobacter murliniae,BOTU_19_Citrobacter murliniae
BOTU_20,Bacteria,Pseudomonadota,Gammaproteobacteria,Enterobacterales,Enterobacteriaceae,Escherichia,Escherichia marmotae,BOTU_20_Escherichia marmotae
BOTU_21,Bacteria,Bacillota,Clostridia,Eubacteriales,Clostridiaceae,Clostridium,Clostridium celatum,BOTU_21_Clostridium celatum
BOTU_22,Bacteria,Pseudomonadota,Gammaproteobacteria,Enterobacterales,Enterobacteriaceae,Shigella,Shigella sonnei,BOTU_22_Shigella sonnei
BOTU_23,Bacteria,Bacillota,Clostridia,Eubacteriales,Clostridiaceae,Clostridium,Clostridium colicanis,BOTU_23_Clostridium colicanis
BOTU_24,Bacteria,Pseudomonadota,Gammaproteobacteria,Aeromonadales,Aeromonadaceae,Aeromonas,Aeromonas jandaei,BOTU_24_Aeromonas jandaei
BOTU_25,Bacteria,Pseudomonadota,Gammaproteobacteria,Enterobacterales,Enterobacteriaceae,Escherichia,Escherichia fergusonii,BOTU_25_Escherichia fergusonii
BOTU_26,Bacteria,Pseudomonadota,Gammaproteobacteria,Aeromonadales,Aeromonadaceae,Aeromonas,Aeromonas veronii,BOTU_26_Aeromonas veronii
BOTU_27,Bacteria,Bacillota,Erysipelotrichia,Erysipelotrichales,Turicibacteraceae,Turicibacter,Turicibacter sanguinis,BOTU_27_Turicibacter sanguinis
BOTU_28,Bacteria,Bacillota,Clostridia,Peptostreptococcales,Peptostreptococcaceae,Romboutsia,Romboutsia ilealis,BOTU_28_Romboutsia ilealis
BOTU_29,Bacteria,Bacillota,Clostridia,Eubacteriales,Clostridiaceae,Clostridium,Clostridium jeddahitimonense,BOTU_29_Clostridium jeddahitimonense
BOTU_30,Bacteria,Pseudomonadota,Betaproteobacteria,Neisseriales,Neisseriaceae,Crenobacter,Crenobacter intestini,BOTU_30_Crenobacter intestini
BOTU_31,Bacteria,Bacillota,Erysipelotrichia,Erysipelotrichales,Turicibacteraceae,Turicibacter,Turicibacter bilis,BOTU_31_Turicibacter bilis
BOTU_32,Bacteria,Pseudomonadota,Gammaproteobacteria,Aeromonadales,Aeromonadaceae,Pseudaeromonas,Pseudaeromonas sharmana,BOTU_32_Pseudaeromonas sharmana
BOTU_33,Bacteria,Bacillota,Clostridia,Peptostreptococcales,Peptostreptococcaceae,Romboutsia,Romboutsia sedimentorum,BOTU_33_Romboutsia sedimentorum
BOTU_34,Bacteria,Bacillota,Clostridia,Peptostreptococcales,Peptostreptococcaceae,Terrisporobacter,Terrisporobacter mayombei,BOTU_34_Terrisporobacter mayombei
BOTU_35,Bacteria,Pseudomonadota,Gammaproteobacteria,Enterobacterales,Enterobacteriaceae,Shigella,Shigella boydii,BOTU_35_Shigella boydii
BOTU_36,Bacteria,Bacillota,Clostridia,Peptostreptococcales,Peptostreptococcaceae,Paraclostridium,Paraclostridium bifermentans,BOTU_36_Paraclostridium bifermentans
BOTU_37,Bacteria,Pseudomonadota,Gammaproteobacteria,Enterobacterales,Enterobacteriaceae,Klebsiella,Klebsiella africana,BOTU_37_Klebsiella africana
BOTU_38,Bacteria,Pseudomonadota,Gammaproteobacteria,Aeromonadales,Aeromonadaceae,Aeromonas,Aeromonas hydrophila,BOTU_38_Aeromonas hydrophila
BOTU_39,Bacteria,Bacillota,Bacilli,Lactobacillales,Lactobacillaceae,Weissella,Weissella cibaria,BOTU_39_Weissella cibaria
BOTU_40,Bacteria,Bacillota,Clostridia,Eubacteriales,Clostridiaceae,Clostridium,Clostridium paraputrificum,BOTU_40_Clostridium paraputrificum
BOTU_41,Bacteria,Pseudomonadota,Gammaproteobacteria,Enterobacterales,Enterobacteriaceae,Klebsiella,Klebsiella quasipneumoniae,BOTU_41_Klebsiella quasipneumoniae
BOTU_42,Bacteria,Pseudomonadota,Gammaproteobacteria,Enterobacterales,Enterobacteriaceae,Enterobacter,Enterobacter quasihormaechei,BOTU_42_Enterobacter quasihormaechei
BOTU_43,Bacteria,Bacillota,Bacilli,Lactobacillales,Lactobacillaceae,Weissella,Weissella confusa,BOTU_43_Weissella confusa
BOTU_44,Bacteria,Pseudomonadota,Betaproteobacteria,Neisseriales,Aquaspirillaceae,Laribacter,Laribacter hongkongensis,BOTU_44_Laribacter hongkongensis
BOTU_45,Bacteria,Pseudomonadota,Gammaproteobacteria,Enterobacterales,Enterobacteriaceae,Salmonella,Salmonella enterica,BOTU_45_Salmonella enterica
BOTU_46,Bacteria,Bacillota,Erysipelotrichia,Erysipelotrichales,Coprobacillaceae,Thomasclavelia,Thomasclavelia ramosa,BOTU_46_Thomasclavelia ramosa
BOTU_47,Bacteria,Pseudomonadota,Gammaproteobacteria,Enterobacterales,Hafniaceae,Edwardsiella,Edwardsiella piscicida,BOTU_47_Edwardsiella piscicida
BOTU_48,Bacteria,Pseudomonadota,Gammaproteobacteria,Enterobacterales,Enterobacteriaceae,Citrobacter,Citrobacter cronae,BOTU_48_Citrobacter cronae
BOTU_49,Bacteria,Bacillota,Bacilli,Lactobacillales,Streptococcaceae,Lactococcus,Lactococcus cremoris,BOTU_49_Lactococcus cremoris
BOTU_50,Bacteria,Bacillota,Clostridia,Peptostreptococcales,Peptostreptococcaceae,Terrisporobacter,Terrisporobacter petrolearius,BOTU_50_Terrisporobacter petrolearius
BOTU_51,Bacteria,Bacillota,Clostridia,Eubacteriales,Clostridiaceae,Clostridium,Clostridium massiliamazoniense,BOTU_51_Clostridium massiliamazoniense
BOTU_52,Bacteria,Bacillota,Clostridia,Eubacteriales,Clostridiaceae,Clostridium,Clostridium saccharobutylicum,BOTU_52_Clostridium saccharobutylicum
BOTU_53,Bacteria,Bacillota,Clostridia,Eubacteriales,Clostridiaceae,Clostridium,Clostridium culturomicium,BOTU_53_Clostridium culturomicium
BOTU_54,Bacteria,Pseudomonadota,Gammaproteobacteria,Enterobacterales,Enterobacteriaceae,Enterobacter,Enterobacter cloacae,BOTU_54_Enterobacter cloacae
BOTU_55,Bacteria,Pseudomonadota,Gammaproteobacteria,Enterobacterales,Enterobacteriaceae,Klebsiella,Klebsiella variicola,BOTU_55_Klebsiella variicola
BOTU_56,Bacteria,Bacillota,Clostridia,Eubacteriales,Clostridiaceae,Clostridium,Clostridium tarantellae,BOTU_56_Clostridium tarantellae
BOTU_57,Bacteria,Bacillota,Clostridia,Eubacteriales,Clostridiaceae,Clostridium,Clostridium saccharoperbutylacetonicum,BOTU_57_Clostridium saccharoperbutylacetonicum
BOTU_58,Bacteria,Pseudomonadota,Gammaproteobacteria,Enterobacterales,Hafniaceae,Edwardsiella,Edwardsiella anguillarum,BOTU_58_Edwardsiella anguillarum
BOTU_59,Bacteria,Bacillota,Clostridia,Eubacteriales,Clostridiaceae,Clostridium,Clostridium beijerinckii,BOTU_59_Clostridium beijerinckii
BOTU_60,Bacteria,Pseudomonadota,Gammaproteobacteria,Enterobacterales,Enterobacteriaceae,Klebsiella,Klebsiella quasivariicola,BOTU_60_Klebsiella quasivariicola
BOTU_61,Bacteria,Pseudomonadota,Gammaproteobacteria,Enterobacterales,Enterobacteriaceae,Citrobacter,Citrobacter werkmanii,BOTU_61_Citrobacter werkmanii
BOTU_62,Bacteria,Pseudomonadota,Gammaproteobacteria,Enterobacterales,Enterobacteriaceae,Citrobacter,Citrobacter youngae,BOTU_62_Citrobacter youngae
BOTU_63,Bacteria,Pseudomonadota,Gammaproteobacteria,Enterobacterales,Enterobacteriaceae,Shigella,Shigella dysenteriae,BOTU_63_Shigella dysenteriae
BOTU_64,Bacteria,Bacillota,Clostridia,Eubacteriales,Clostridiaceae,Clostridium,Clostridium neonatale,BOTU_64_Clostridium neonatale
BOTU_65,Bacteria,Bacillota,Clostridia,Lachnospirales,Lachnospiraceae,Lachnoclostridium,Lachnoclostridium phytofermentans,BOTU_65_Lachnoclostridium phytofermentans
BOTU_66,Bacteria,Pseudomonadota,Gammaproteobacteria,Enterobacterales,Enterobacteriaceae,Escherichia,Escherichia albertii,BOTU_66_Escherichia albertii
BOTU_67,Bacteria,Bacillota,Clostridia,Peptostreptococcales,Peptostreptococcaceae,Terrisporobacter,Terrisporobacter glycolicus,BOTU_67_Terrisporobacter glycolicus
BOTU_68,Bacteria,Bacillota,Clostridia,Eubacteriales,Oscillospiraceae,Pygmaiobacter,Pygmaiobacter massiliensis,BOTU_68_Pygmaiobacter massiliensis
BOTU_69,Bacteria,Bacillota,Clostridia,Eubacteriales,Clostridiaceae,Clostridium,Clostridium tertium,BOTU_69_Clostridium tertium
BOTU_70,Bacteria,Pseudomonadota,Gammaproteobacteria,Enterobacterales,Enterobacteriaceae,Klebsiella,Klebsiella aerogenes,BOTU_70_Klebsiella aerogenes
BOTU_71,Bacteria,Bacillota,Bacilli,Lactobacillales,Enterococcaceae,Enterococcus,Enterococcus avium,BOTU_71_Enterococcus avium
BOTU_72,Bacteria,Pseudomonadota,Gammaproteobacteria,Enterobacterales,Enterobacteriaceae,Enterobacter,Enterobacter sichuanensis,BOTU_72_Enterobacter sichuanensis
BOTU_73,Bacteria,Bacillota,Bacilli,Lactobacillales,Streptococcaceae,Lactococcus,Lactococcus garvieae,BOTU_73_Lactococcus garvieae
BOTU_74,Bacteria,Pseudomonadota,Gammaproteobacteria,Enterobacterales,Enterobacteriaceae,Citrobacter,Citrobacter europaeus,BOTU_74_Citrobacter europaeus
BOTU_75,Bacteria,Pseudomonadota,Gammaproteobacteria,Enterobacterales,Enterobacteriaceae,Atlantibacter,Atlantibacter hermannii,BOTU_75_Atlantibacter hermannii
BOTU_76,Bacteria,Bacillota,Clostridia,Peptostreptococcales,Peptostreptococcaceae,Paraclostridium,Paraclostridium dentum,BOTU_76_Paraclostridium dentum
BOTU_77,Bacteria,Pseudomonadota,Gammaproteobacteria,Enterobacterales,Enterobacteriaceae,Enterobacter,Enterobacter hormaechei,BOTU_77_Enterobacter hormaechei
BOTU_78,Bacteria,Bacillota,Clostridia,Eubacteriales,Clostridiaceae,Clostridium,Clostridium gasigenes,BOTU_78_Clostridium gasigenes
BOTU_79,Bacteria,Bacillota,Clostridia,Peptostreptococcales,Peptostreptococcaceae,Paraclostridium,Paraclostridium benzoelyticum,BOTU_79_Paraclostridium benzoelyticum
BOTU_80,Bacteria,Pseudomonadota,Gammaproteobacteria,Enterobacterales,Enterobacteriaceae,Leclercia,Leclercia adecarboxylata,BOTU_80_Leclercia adecarboxylata
BOTU_81,Bacteria,Pseudomonadota,Gammaproteobacteria,Enterobacterales,Enterobacteriaceae,Escherichia,Escherichia coli,BOTU_81_Escherichia coli
BOTU_82,Bacteria,Pseudomonadota,Gammaproteobacteria,Enterobacterales,Enterobacteriaceae,Kluyvera,Kluyvera cryocrescens,BOTU_82_Kluyvera cryocrescens
BOTU_83,Bacteria,Bacillota,Bacilli,Lactobacillales,Streptococcaceae,Lactococcus,Lactococcus chungangensis,BOTU_83_Lactococcus chungangensis
BOTU_84,Bacteria,Pseudomonadota,Gammaproteobacteria,Enterobacterales,Enterobacteriaceae,Klebsiella,Klebsiella pasteurii,BOTU_84_Klebsiella pasteurii
BOTU_85,Bacteria,Pseudomonadota,Gammaproteobacteria,Enterobacterales,Enterobacteriaceae,Pseudocitrobacter,Pseudocitrobacter vendiensis,BOTU_85_Pseudocitrobacter vendiensis
BOTU_86,Bacteria,Bacillota,Clostridia,Peptostreptococcales,Peptostreptococcaceae,Romboutsia,Romboutsia lituseburensis,BOTU_86_Romboutsia lituseburensis
BOTU_87,Bacteria,Bacillota,Bacilli,Lactobacillales,Lactobacillaceae,Leuconostoc,Leuconostoc mesenteroides,BOTU_87_Leuconostoc mesenteroides
BOTU_88,Bacteria,Pseudomonadota,Betaproteobacteria,Neisseriales,Chromobacteriaceae,Aquitalea,Aquitalea magnusonii,BOTU_88_Aquitalea magnusonii
BOTU_89,Bacteria,Bacillota,Clostridia,Lachnospirales,Cellulosilyticaceae,Cellulosilyticum,Cellulosilyticum lentocellum,BOTU_89_Cellulosilyticum lentocellum
BOTU_90,Bacteria,Pseudomonadota,Gammaproteobacteria,Enterobacterales,Enterobacteriaceae,Enterobacter,Enterobacter chuandaensis,BOTU_90_Enterobacter chuandaensis
BOTU_91,Bacteria,Bacillota,Bacilli,Lactobacillales,Streptococcaceae,Lactococcus,Lactococcus taiwanensis,BOTU_91_Lactococcus taiwanensis
BOTU_92,Bacteria,Campylobacterota,Epsilonproteobacteria,Campylobacterales,Helicobacteraceae,Helicobacter,Helicobacter anatolicus,BOTU_92_Helicobacter anatolicus
BOTU_93,Bacteria,Pseudomonadota,Gammaproteobacteria,Aeromonadales,Aeromonadaceae,Aeromonas,Aeromonas allosaccharophila,BOTU_93_Aeromonas allosaccharophila
BOTU_94,Bacteria,Bacillota,Clostridia,Eubacteriales,Clostridiaceae,Clostridium,Clostridium cadaveris,BOTU_94_Clostridium cadaveris
BOTU_95,Bacteria,Bacillota,Bacilli,Lactobacillales,Lactobacillaceae,Weissella,Weissella paramesenteroides,BOTU_95_Weissella paramesenteroides
BOTU_96,Bacteria,Actinomycetota,Actinomycetes,Propionibacteriales,Propionibacteriaceae,Cutibacterium,Cutibacterium acnes,BOTU_96_Cutibacterium acnes
BOTU_97,Bacteria,Pseudomonadota,Betaproteobacteria,Neisseriales,Chromobacteriaceae,Aquitalea,Aquitalea pelogenes,BOTU_97_Aquitalea pelogenes
BOTU_98,Bacteria,Pseudomonadota,Gammaproteobacteria,Alteromonadales,Alteromonadaceae,Alteromonas,Alteromonas abrolhosensis,BOTU_98_Alteromonas abrolhosensis
BOTU_99,Bacteria,Pseudomonadota,Gammaproteobacteria,Enterobacterales,Enterobacteriaceae,Klebsiella,Klebsiella oxytoca,BOTU_99_Klebsiella oxytoca
BOTU_100,Bacteria,Pseudomonadota,Gammaproteobacteria,Enterobacterales,Enterobacteriaceae,Citrobacter,Citrobacter gillenii,BOTU_100_Citrobacter gillenii
BOTU_101,Bacteria,Pseudomonadota,Gammaproteobacteria,Enterobacterales,Enterobacteriaceae,Enterobacter,Enterobacter wuhouensis,BOTU_101_Enterobacter wuhouensis
BOTU_102,Bacteria,Bacillota,Clostridia,Eubacteriales,Clostridiaceae,Clostridium,Clostridium diolis,BOTU_102_Clostridium diolis
BOTU_103,Bacteria,Bacillota,Clostridia,Lachnospirales,Lachnospiraceae,Robinsoniella,Robinsoniella peoriensis,BOTU_103_Robinsoniella peoriensis
BOTU_104,Bacteria,Pseudomonadota,Alphaproteobacteria,Rhodobacterales,Paracoccaceae,Fuscibacter,Fuscibacter oryzae,BOTU_104_Fuscibacter oryzae
BOTU_105,Bacteria,Pseudomonadota,Gammaproteobacteria,Alteromonadales,Alteromonadaceae,Alteromonas,Alteromonas portus,BOTU_105_Alteromonas portus
BOTU_106,Bacteria,Bacillota,Clostridia,Peptostreptococcales,Peptostreptococcaceae,Intestinibacter,Intestinibacter bartlettii,BOTU_106_Intestinibacter bartlettii
BOTU_107,Bacteria,Pseudomonadota,Gammaproteobacteria,Enterobacterales,Yersiniaceae,Serratia,Serratia ficaria,BOTU_107_Serratia ficaria
BOTU_108,Bacteria,Pseudomonadota,Betaproteobacteria,Burkholderiales,Comamonadaceae,Comamonas,Comamonas terrigena,BOTU_108_Comamonas terrigena
BOTU_109,Bacteria,Pseudomonadota,Betaproteobacteria,Burkholderiales,Sphaerotilaceae,Aquincola,Aquincola tertiaricarbonis,BOTU_109_Aquincola tertiaricarbonis
BOTU_110,Bacteria,Pseudomonadota,Gammaproteobacteria,Aeromonadales,Aeromonadaceae,Aeromonas,Aeromonas caviae,BOTU_110_Aeromonas caviae
BOTU_111,Bacteria,Pseudomonadota,Alphaproteobacteria,Caulobacterales,Caulobacteraceae,Brevundimonas,Brevundimonas bullata,BOTU_111_Brevundimonas bullata
BOTU_112,Bacteria,Pseudomonadota,Betaproteobacteria,Burkholderiales,Burkholderiaceae,Polynucleobacter,Polynucleobacter paneuropaeus,BOTU_112_Polynucleobacter paneuropaeus
BOTU_113,Bacteria,Bacillota,Clostridia,Eubacteriales,Clostridiaceae,Clostridium,Clostridium chrysemydis,BOTU_113_Clostridium chrysemydis
BOTU_114,Bacteria,Pseudomonadota,Gammaproteobacteria,Enterobacterales,Enterobacteriaceae,Citrobacter,Citrobacter tructae,BOTU_114_Citrobacter tructae
BOTU_115,Bacteria,Pseudomonadota,Betaproteobacteria,Burkholderiales,Burkholderiaceae,Ralstonia,Ralstonia insidiosa,BOTU_115_Ralstonia insidiosa
BOTU_116,Bacteria,Bacillota,Bacilli,Lactobacillales,Enterococcaceae,Enterococcus,Enterococcus faecium,BOTU_116_Enterococcus faecium
BOTU_117,Bacteria,Pseudomonadota,Alphaproteobacteria,Hyphomicrobiales,Rhizobiaceae,Gellertiella,Gellertiella hungarica,BOTU_117_Gellertiella hungarica
BOTU_118,Bacteria,Pseudomonadota,Gammaproteobacteria,Enterobacterales,Yersiniaceae,Serratia,Serratia entomophila,BOTU_118_Serratia entomophila
BOTU_119,Bacteria,Pseudomonadota,Gammaproteobacteria,Alteromonadales,Alteromonadaceae,Alteromonas,Alteromonas macleodii,BOTU_119_Alteromonas macleodii
BOTU_120,Bacteria,Pseudomonadota,Betaproteobacteria,Burkholderiales,Burkholderiaceae,Polynucleobacter,Polynucleobacter acidiphobus,BOTU_120_Polynucleobacter acidiphobus
BOTU_121,Bacteria,Campylobacterota,Epsilonproteobacteria,Campylobacterales,Helicobacteraceae,Helicobacter,Helicobacter pametensis,BOTU_121_Helicobacter pametensis
BOTU_122,Bacteria,Bacillota,Bacilli,Lactobacillales,Enterococcaceae,Enterococcus,Enterococcus gallinarum,BOTU_122_Enterococcus gallinarum
BOTU_123,Bacteria,Bacillota,Clostridia,Lachnospirales,Lachnospiraceae,Anaerosporobacter,Anaerosporobacter mobilis,BOTU_123_Anaerosporobacter mobilis
BOTU_124,Bacteria,Bacillota,Bacilli,Lactobacillales,Enterococcaceae,Enterococcus,Enterococcus durans,BOTU_124_Enterococcus durans
BOTU_125,Bacteria,Bacillota,Bacilli,Lactobacillales,Enterococcaceae,Enterococcus,Enterococcus innesii,BOTU_125_Enterococcus innesii
BOTU_126,Bacteria,Pseudomonadota,Gammaproteobacteria,Moraxellales,Moraxellaceae,Moraxella,Moraxella osloensis,BOTU_126_Moraxella osloensis
BOTU_127,Bacteria,Pseudomonadota,Gammaproteobacteria,Oceanospirillales,Halomonadaceae,Cobetia,Cobetia amphilecti,BOTU_127_Cobetia amphilecti
BOTU_128,Bacteria,Bacillota,Tissierellia,Tissierellales,Peptoniphilaceae,Anaerococcus,Anaerococcus pacaensis,BOTU_128_Anaerococcus pacaensis
BOTU_129,Bacteria,Pseudomonadota,Gammaproteobacteria,Enterobacterales,Enterobacteriaceae,Enterobacter,Enterobacter bugandensis,BOTU_129_Enterobacter bugandensis
BOTU_130,Bacteria,Pseudomonadota,Gammaproteobacteria,Aeromonadales,Aeromonadaceae,Aeromonas,Aeromonas cavernicola,BOTU_130_Aeromonas cavernicola
BOTU_131,Bacteria,Pseudomonadota,Gammaproteobacteria,Enterobacterales,Hafniaceae,Hafnia,Hafnia paralvei,BOTU_131_Hafnia paralvei
BOTU_132,Bacteria,Bacillota,Bacilli,Bacillales,Staphylococcaceae,Staphylococcus,Staphylococcus epidermidis,BOTU_132_Staphylococcus epidermidis
BOTU_133,Bacteria,Bacillota,Clostridia,Eubacteriales,Clostridiaceae,Clostridium,Clostridium perfringens,BOTU_133_Clostridium perfringens
BOTU_134,Bacteria,Pseudomonadota,Gammaproteobacteria,Enterobacterales,Enterobacteriaceae,Enterobacter,Enterobacter chengduensis,BOTU_134_Enterobacter chengduensis
BOTU_135,Bacteria,Pseudomonadota,Gammaproteobacteria,Enterobacterales,Enterobacteriaceae,Cedecea,Cedecea lapagei,BOTU_135_Cedecea lapagei
BOTU_136,Bacteria,Pseudomonadota,Gammaproteobacteria,Pseudomonadales,Pseudomonadaceae,Pseudomonas,Pseudomonas aeruginosa,BOTU_136_Pseudomonas aeruginosa
BOTU_137,Bacteria,Cyanobacteriota,Cyanophyceae,Synechococcales,Synechococcaceae,Synechococcus,Synechococcus rubescens,BOTU_137_Synechococcus rubescens
BOTU_138,Bacteria,Pseudomonadota,Gammaproteobacteria,Enterobacterales,Enterobacteriaceae,Yokenella,Yokenella regensburgei,BOTU_138_Yokenella regensburgei
BOTU_139,Bacteria,Cyanobacteriota,Cyanophyceae,Nostocales,Aphanizomenonaceae,Dolichospermum,Dolichospermum brachiatum,BOTU_139_Dolichospermum brachiatum
BOTU_140,Bacteria,Bacillota,Bacilli,Bacillales,Bacillales_Incertae_sedis,Exiguobacterium,Exiguobacterium arabatum,BOTU_140_Exiguobacterium arabatum
BOTU_141,Bacteria,Pseudomonadota,Gammaproteobacteria,Enterobacterales,Enterobacteriaceae,Enterobacter,Enterobacter ludwigii,BOTU_141_Enterobacter ludwigii
BOTU_142,Bacteria,Pseudomonadota,Gammaproteobacteria,Lysobacterales,Lysobacteraceae,Pseudoxanthomonas,Pseudoxanthomonas beigongshangi,BOTU_142_Pseudoxanthomonas beigongshangi
BOTU_143,Bacteria,Pseudomonadota,Betaproteobacteria,Burkholderiales,Burkholderiales_Incertae_sedis,Xylophilus,Xylophilus ampelinus,BOTU_143_Xylophilus ampelinus
BOTU_144,Bacteria,Pseudomonadota,Gammaproteobacteria,Enterobacterales,Hafniaceae,Edwardsiella,Edwardsiella ictaluri,BOTU_144_Edwardsiella ictaluri
BOTU_145,Bacteria,Pseudomonadota,Betaproteobacteria,Burkholderiales,Comamonadaceae,Curvibacter,Curvibacter delicatus,BOTU_145_Curvibacter delicatus
BOTU_146,Bacteria,Pseudomonadota,Gammaproteobacteria,Enterobacterales,Yersiniaceae,Serratia,Serratia marcescens,BOTU_146_Serratia marcescens
BOTU_147,Bacteria,Actinomycetota,Actinomycetes,Mycobacteriales,Corynebacteriaceae,Corynebacterium,Corynebacterium aquatimens,BOTU_147_Corynebacterium aquatimens
BOTU_148,Bacteria,Pseudomonadota,Gammaproteobacteria,Enterobacterales,Enterobacteriaceae,Enterobacter,Enterobacter quasiroggenkampii,BOTU_148_Enterobacter quasiroggenkampii
BOTU_149,Bacteria,Pseudomonadota,Gammaproteobacteria,Enterobacterales,Enterobacteriaceae,Raoultella,Raoultella planticola,BOTU_149_Raoultella planticola
BOTU_150,Bacteria,Pseudomonadota,Gammaproteobacteria,Enterobacterales,Enterobacteriaceae,Superficieibacter,Superficieibacter electus,BOTU_150_Superficieibacter electus
BOTU_151,Bacteria,Bacillota,Clostridia,Peptostreptococcales,Peptostreptococcaceae,Romboutsia,Romboutsia hominis,BOTU_151_Romboutsia hominis
BOTU_152,Bacteria,Bacillota,Bacilli,Lactobacillales,Enterococcaceae,Enterococcus,Enterococcus pallens,BOTU_152_Enterococcus pallens
BOTU_153,Bacteria,Bacillota,Bacilli,Lactobacillales,Streptococcaceae,Lactococcus,Lactococcus laudensis,BOTU_153_Lactococcus laudensis
BOTU_154,Bacteria,Bacillota,Clostridia,Eubacteriales,Clostridiaceae,Sarcina,Sarcina maxima,BOTU_154_Sarcina maxima
BOTU_155,Bacteria,Pseudomonadota,Gammaproteobacteria,Enterobacterales,Enterobacteriaceae,Scandinavium,Scandinavium goeteborgense,BOTU_155_Scandinavium goeteborgense
BOTU_156,Bacteria,Pseudomonadota,Gammaproteobacteria,Pseudomonadales,Pseudomonadaceae,Pseudomonas,Pseudomonas rhodesiae,BOTU_156_Pseudomonas rhodesiae
BOTU_157,Bacteria,Pseudomonadota,Gammaproteobacteria,Enterobacterales,Enterobacteriaceae,Pseudocitrobacter,Pseudocitrobacter faecalis,BOTU_157_Pseudocitrobacter faecalis
BOTU_158,Bacteria,Pseudomonadota,Betaproteobacteria,Burkholderiales,Burkholderiaceae,Polynucleobacter,Polynucleobacter asymbioticus,BOTU_158_Polynucleobacter asymbioticus
BOTU_159,Bacteria,Pseudomonadota,Gammaproteobacteria,Enterobacterales,Enterobacteriaceae,Kluyvera,Kluyvera sichuanensis,BOTU_159_Kluyvera sichuanensis
BOTU_160,Bacteria,Bacillota,Bacilli,Lactobacillales,Enterococcaceae,Enterococcus,Enterococcus gilvus,BOTU_160_Enterococcus gilvus
BOTU_161,Bacteria,Bacillota,Bacilli,Lactobacillales,Enterococcaceae,Enterococcus,Enterococcus hulanensis,BOTU_161_Enterococcus hulanensis
BOTU_162,Bacteria,Pseudomonadota,Betaproteobacteria,Neisseriales,Chromobacteriaceae,Aquitalea,Aquitalea denitrificans,BOTU_162_Aquitalea denitrificans
BOTU_163,Bacteria,Bacillota,Bacilli,Lactobacillales,Lactobacillaceae,Lactobacillus,Lactobacillus crispatus,BOTU_163_Lactobacillus crispatus
BOTU_164,Bacteria,Pseudomonadota,Gammaproteobacteria,Enterobacterales,Enterobacteriaceae,Enterobacter,Enterobacter asburiae,BOTU_164_Enterobacter asburiae
BOTU_165,Bacteria,Bacillota,Erysipelotrichia,Erysipelotrichales,Erysipelotrichaceae,Anaerorhabdus,Anaerorhabdus furcosa,BOTU_165_Anaerorhabdus furcosa
BOTU_166,Bacteria,Bacillota,Clostridia,Peptostreptococcales,Peptostreptococcaceae,Romboutsia,Romboutsia maritimum,BOTU_166_Romboutsia maritimum
BOTU_167,Bacteria,Bacillota,Bacilli,Bacillales,Staphylococcaceae,Staphylococcus,Staphylococcus hominis,BOTU_167_Staphylococcus hominis
BOTU_168,Bacteria,Pseudomonadota,Alphaproteobacteria,Hyphomicrobiales,Nitrobacteraceae,Bradyrhizobium,Bradyrhizobium centrosematis,BOTU_168_Bradyrhizobium centrosematis
BOTU_169,Bacteria,Pseudomonadota,Betaproteobacteria,Neisseriales,Neisseriaceae,Prolinoborus,Prolinoborus fasciculus,BOTU_169_Prolinoborus fasciculus
BOTU_170,Bacteria,Pseudomonadota,Gammaproteobacteria,Aeromonadales,Aeromonadaceae,Aeromonas,Aeromonas media,BOTU_170_Aeromonas media
BOTU_171,Bacteria,Pseudomonadota,Gammaproteobacteria,Enterobacterales,Enterobacteriaceae,Cronobacter,Cronobacter dublinensis,BOTU_171_Cronobacter dublinensis
BOTU_172,Bacteria,Pseudomonadota,Gammaproteobacteria,Alteromonadales,Alteromonadaceae,Alteromonas,Alteromonas tagae,BOTU_172_Alteromonas tagae
BOTU_173,Bacteria,Bacillota,Bacilli,Lactobacillales,Streptococcaceae,Streptococcus,Streptococcus ilei,BOTU_173_Streptococcus ilei
BOTU_174,Bacteria,Pseudomonadota,Gammaproteobacteria,Aeromonadales,Aeromonadaceae,Aeromonas,Aeromonas lacus,BOTU_174_Aeromonas lacus
BOTU_175,Bacteria,Pseudomonadota,Gammaproteobacteria,Enterobacterales,Enterobacteriaceae,Enterobacter,Enterobacter mori,BOTU_175_Enterobacter mori
BOTU_176,Bacteria,Pseudomonadota,Betaproteobacteria,Burkholderiales,Alcaligenaceae,Castellaniella,Castellaniella ginsengisoli,BOTU_176_Castellaniella ginsengisoli
BOTU_177,Bacteria,Bacillota,Bacilli,Lactobacillales,Enterococcaceae,Enterococcus,Enterococcus pseudoavium,BOTU_177_Enterococcus pseudoavium
BOTU_178,Bacteria,Pseudomonadota,Gammaproteobacteria,Enterobacterales,Enterobacteriaceae,Lelliottia,Lelliottia aquatilis,BOTU_178_Lelliottia aquatilis
BOTU_179,Bacteria,Pseudomonadota,Gammaproteobacteria,Enterobacterales,Enterobacteriaceae,Raoultella,Raoultella terrigena,BOTU_179_Raoultella terrigena
BOTU_180,Bacteria,Pseudomonadota,Betaproteobacteria,Burkholderiales,Comamonadaceae,Curvibacter,Curvibacter fontanus,BOTU_180_Curvibacter fontanus
BOTU_181,Bacteria,Pseudomonadota,Alphaproteobacteria,Hyphomicrobiales,Reyranellaceae,Reyranella,Reyranella massiliensis,BOTU_181_Reyranella massiliensis
BOTU_182,Bacteria,Campylobacterota,Epsilonproteobacteria,Campylobacterales,Helicobacteraceae,Helicobacter,Helicobacter trogontum,BOTU_182_Helicobacter trogontum
BOTU_183,Bacteria,Pseudomonadota,Gammaproteobacteria,Enterobacterales,Yersiniaceae,Serratia,Serratia nematodiphila,BOTU_183_Serratia nematodiphila
BOTU_184,Bacteria,Pseudomonadota,Gammaproteobacteria,Enterobacterales,Yersiniaceae,Serratia,Serratia inhibens,BOTU_184_Serratia inhibens
BOTU_185,Bacteria,Pseudomonadota,Gammaproteobacteria,Aeromonadales,Aeromonadaceae,Aeromonas,Aeromonas fluvialis,BOTU_185_Aeromonas fluvialis
BOTU_186,Bacteria,Pseudomonadota,Gammaproteobacteria,Aeromonadales,Aeromonadaceae,Aeromonas,Aeromonas dhakensis,BOTU_186_Aeromonas dhakensis
BOTU_187,Bacteria,Bacillota,Bacilli,Lactobacillales,Streptococcaceae,Lactococcus,Lactococcus formosensis,BOTU_187_Lactococcus formosensis
BOTU_188,Bacteria,Pseudomonadota,Alphaproteobacteria,Hyphomicrobiales,Hyphomicrobiaceae,Hyphomicrobium,Hyphomicrobium album,BOTU_188_Hyphomicrobium album
BOTU_189,Bacteria,Actinomycetota,Actinomycetes,Mycobacteriales,Corynebacteriaceae,Corynebacterium,Corynebacterium jeddahense,BOTU_189_Corynebacterium jeddahense
BOTU_190,Bacteria,Pseudomonadota,Gammaproteobacteria,Moraxellales,Moraxellaceae,Acinetobacter,Acinetobacter radioresistens,BOTU_190_Acinetobacter radioresistens
BOTU_191,Bacteria,Pseudomonadota,Gammaproteobacteria,Enterobacterales,Enterobacteriaceae,Kosakonia,Kosakonia cowanii,BOTU_191_Kosakonia cowanii
BOTU_192,Bacteria,Bacillota,Clostridia,Eubacteriales,Clostridiaceae,Clostridium,Clostridium subterminale,BOTU_192_Clostridium subterminale
BOTU_193,Bacteria,Pseudomonadota,Gammaproteobacteria,Enterobacterales,Enterobacteriaceae,Kluyvera,Kluyvera ascorbata,BOTU_193_Kluyvera ascorbata
BOTU_194,Bacteria,Bacillota,Bacilli,Bacillales,Staphylococcaceae,Staphylococcus,Staphylococcus capitis,BOTU_194_Staphylococcus capitis
BOTU_195,Bacteria,Bacillota,Bacilli,Lactobacillales,Streptococcaceae,Streptococcus,Streptococcus toyakuensis,BOTU_195_Streptococcus toyakuensis
BOTU_196,Bacteria,Bacillota,Bacilli,Lactobacillales,Enterococcaceae,Enterococcus,Enterococcus casseliflavus,BOTU_196_Enterococcus casseliflavus
BOTU_197,Bacteria,Bacteroidota,Bacteroidia,Bacteroidales,Porphyromonadaceae,Porphyromonas,Porphyromonas pasteri,BOTU_197_Porphyromonas pasteri
BOTU_198,Bacteria,Pseudomonadota,Gammaproteobacteria,Enterobacterales,Enterobacteriaceae,Salmonella,Salmonella bongori,BOTU_198_Salmonella bongori
BOTU_199,Bacteria,Pseudomonadota,Alphaproteobacteria,Hyphomicrobiales,Aestuariivirgaceae,Aestuariivirga,Aestuariivirga litoralis,BOTU_199_Aestuariivirga litoralis
BOTU_200,Bacteria,Pseudomonadota,Gammaproteobacteria,Moraxellales,Moraxellaceae,Acinetobacter,Acinetobacter modestus,BOTU_200_Acinetobacter modestus
BOTU_201,Bacteria,Pseudomonadota,Alphaproteobacteria,Hyphomicrobiales,Methylocystaceae,Methylocystis,Methylocystis hirsuta,BOTU_201_Methylocystis hirsuta
BOTU_202,Bacteria,Pseudomonadota,Gammaproteobacteria,Enterobacterales,Enterobacteriaceae,Atlantibacter,Atlantibacter subterranea,BOTU_202_Atlantibacter subterranea
BOTU_203,Bacteria,Pseudomonadota,Alphaproteobacteria,Rhodobacterales,Paracoccaceae,Fuscovulum,Fuscovulum blasticum,BOTU_203_Fuscovulum blasticum
BOTU_204,Bacteria,Pseudomonadota,Alphaproteobacteria,Rhodobacterales,Paracoccaceae,Tritonibacter,Tritonibacter mobilis,BOTU_204_Tritonibacter mobilis
BOTU_205,Bacteria,Pseudomonadota,Betaproteobacteria,Burkholderiales,Sphaerotilaceae,Roseateles,Roseateles saccharophilus,BOTU_205_Roseateles saccharophilus
BOTU_206,Bacteria,Bacillota,Bacilli,Lactobacillales,Enterococcaceae,Enterococcus,Enterococcus florum,BOTU_206_Enterococcus florum
BOTU_207,Bacteria,Pseudomonadota,Gammaproteobacteria,Aeromonadales,Aeromonadaceae,Aeromonas,Aeromonas sobria,BOTU_207_Aeromonas sobria
BOTU_208,Bacteria,Pseudomonadota,Gammaproteobacteria,Enterobacterales,Enterobacteriaceae,Citrobacter,Citrobacter farmeri,BOTU_208_Citrobacter farmeri
BOTU_209,Bacteria,Pseudomonadota,Gammaproteobacteria,Enterobacterales,Erwiniaceae,Pantoea,Pantoea agglomerans,BOTU_209_Pantoea agglomerans
BOTU_210,Bacteria,Pseudomonadota,Betaproteobacteria,Burkholderiales,Sphaerotilaceae,Roseateles,Roseateles puraquae,BOTU_210_Roseateles puraquae
BOTU_211,Bacteria,Bacillota,Bacilli,Bacillales,Bacillales_Incertae_sedis,Exiguobacterium,Exiguobacterium aestuarii,BOTU_211_Exiguobacterium aestuarii
BOTU_212,Bacteria,Pseudomonadota,Gammaproteobacteria,Enterobacterales,Erwiniaceae,Pantoea,Pantoea eucrina,BOTU_212_Pantoea eucrina
BOTU_213,Bacteria,Bacillota,Clostridia,Lachnospirales,Lachnospiraceae,Zhenhengia,Zhenhengia yiwuensis,BOTU_213_Zhenhengia yiwuensis
BOTU_214,Bacteria,Pseudomonadota,Alphaproteobacteria,Rhodobacterales,Paracoccaceae,Neotabrizicola,Neotabrizicola shimadae,BOTU_214_Neotabrizicola shimadae
BOTU_215,Bacteria,Actinomycetota,Actinomycetes,Micrococcales,Micrococcaceae,Micrococcus,Micrococcus aloeverae,BOTU_215_Micrococcus aloeverae
BOTU_216,Bacteria,Cyanobacteriota,Cyanophyceae,Synechococcales,Prochlorococcaceae,Cyanobium,Cyanobium gracile,BOTU_216_Cyanobium gracile
BOTU_217,Bacteria,Pseudomonadota,Alphaproteobacteria,Rhodospirillales,Zavarziniaceae,Zavarzinia,Zavarzinia compransoris,BOTU_217_Zavarzinia compransoris
BOTU_218,Bacteria,Cyanobacteriota,Cyanophyceae,Chroococcales,Microcystaceae,Microcystis,Microcystis aeruginosa,BOTU_218_Microcystis aeruginosa
BOTU_219,Bacteria,Pseudomonadota,Betaproteobacteria,Burkholderiales,Comamonadaceae,Rhodoferax,Rhodoferax lacus,BOTU_219_Rhodoferax lacus
BOTU_220,Bacteria,Pseudomonadota,Gammaproteobacteria,Enterobacterales,Yersiniaceae,Serratia,Serratia plymuthica,BOTU_220_Serratia plymuthica
BOTU_221,Bacteria,Pseudomonadota,Gammaproteobacteria,Enterobacterales,Yersiniaceae,Chimaeribacter,Chimaeribacter coloradensis,BOTU_221_Chimaeribacter coloradensis
BOTU_222,Bacteria,Campylobacterota,Epsilonproteobacteria,Campylobacterales,Helicobacteraceae,Helicobacter,Helicobacter hepaticus,BOTU_222_Helicobacter hepaticus
BOTU_223,Bacteria,Pseudomonadota,Gammaproteobacteria,Enterobacterales,Morganellaceae,Proteus,Proteus terrae,BOTU_223_Proteus terrae
BOTU_224,Bacteria,Bacillota,Bacilli,Lactobacillales,Streptococcaceae,Streptococcus,Streptococcus vulneris,BOTU_224_Streptococcus vulneris
BOTU_225,Bacteria,Pseudomonadota,Betaproteobacteria,Burkholderiales,Sphaerotilaceae,Piscinibacter,Piscinibacter sakaiensis,BOTU_225_Piscinibacter sakaiensis
BOTU_226,Bacteria,Bacillota,Tissierellia,Tissierellales,Peptoniphilaceae,Anaerococcus,Anaerococcus nagyae,BOTU_226_Anaerococcus nagyae
BOTU_227,Bacteria,Bacillota,Negativicutes,Veillonellales,Veillonellaceae,Veillonella,Veillonella dispar,BOTU_227_Veillonella dispar
BOTU_228,Bacteria,Bacillota,Clostridia,Eubacteriales,Clostridiaceae,Clostridium,Clostridium quinii,BOTU_228_Clostridium quinii
BOTU_229,Bacteria,Pseudomonadota,Gammaproteobacteria,Enterobacterales,Yersiniaceae,Rahnella,Rahnella laticis,BOTU_229_Rahnella laticis
BOTU_230,Bacteria,Pseudomonadota,Gammaproteobacteria,Enterobacterales,Enterobacteriaceae,Citrobacter,Citrobacter arsenatis,BOTU_230_Citrobacter arsenatis
BOTU_231,Bacteria,Bacillota,Clostridia,Eubacteriales,Clostridiaceae,Clostridium,Clostridium chromiireducens,BOTU_231_Clostridium chromiireducens
BOTU_232,Bacteria,Pseudomonadota,Gammaproteobacteria,Enterobacterales,Enterobacteriaceae,Klebsiella,Klebsiella electrica,BOTU_232_Klebsiella electrica
BOTU_233,Bacteria,Pseudomonadota,Gammaproteobacteria,Enterobacterales,Enterobacteriaceae,Citrobacter,Citrobacter amalonaticus,BOTU_233_Citrobacter amalonaticus
BOTU_234,Bacteria,Bacillota,Bacilli,Bacillales,Bacillales_Incertae_sedis,Exiguobacterium,Exiguobacterium qingdaonense,BOTU_234_Exiguobacterium qingdaonense
BOTU_235,Bacteria,Bacillota,Bacilli,Lactobacillales,Enterococcaceae,Enterococcus,Enterococcus mundtii,BOTU_235_Enterococcus mundtii
BOTU_236,Bacteria,Pseudomonadota,Alphaproteobacteria,Hyphomicrobiales,Rhabdaerophilaceae,Rhabdaerophilum,Rhabdaerophilum calidifontis,BOTU_236_Rhabdaerophilum calidifontis
BOTU_237,Bacteria,Pseudomonadota,Gammaproteobacteria,Enterobacterales,Yersiniaceae,Serratia,Serratia surfactantfaciens,BOTU_237_Serratia surfactantfaciens
BOTU_238,Bacteria,Pseudomonadota,Alphaproteobacteria,Hyphomicrobiales,Methylobacteriaceae,Methylorubrum,Methylorubrum extorquens,BOTU_238_Methylorubrum extorquens
BOTU_239,Bacteria,Bacillota,Bacilli,Lactobacillales,Enterococcaceae,Enterococcus,Enterococcus lactis,BOTU_239_Enterococcus lactis
BOTU_240,Bacteria,Bacillota,Bacilli,Bacillales,Planococcaceae,Chryseomicrobium,Chryseomicrobium amylolyticum,BOTU_240_Chryseomicrobium amylolyticum
BOTU_241,Bacteria,Pseudomonadota,Alphaproteobacteria,Caulobacterales,Caulobacteraceae,Phenylobacterium,Phenylobacterium parvum,BOTU_241_Phenylobacterium parvum
BOTU_242,Bacteria,Pseudomonadota,Gammaproteobacteria,Enterobacterales,Enterobacteriaceae,Citrobacter,Citrobacter koseri,BOTU_242_Citrobacter koseri
BOTU_243,Bacteria,Pseudomonadota,Gammaproteobacteria,Pseudomonadales,Pseudomonadaceae,Pseudomonas,Pseudomonas oryzihabitans,BOTU_243_Pseudomonas oryzihabitans
BOTU_244,Bacteria,Bacillota,Bacilli,Lactobacillales,Streptococcaceae,Streptococcus,Streptococcus oralis,BOTU_244_Streptococcus oralis
BOTU_245,Bacteria,Pseudomonadota,Gammaproteobacteria,Enterobacterales,Enterobacteriaceae,Cronobacter,Cronobacter condimenti,BOTU_245_Cronobacter condimenti
BOTU_246,Bacteria,Pseudomonadota,Gammaproteobacteria,Oceanospirillales,Halomonadaceae,Cobetia,Cobetia litoralis,BOTU_246_Cobetia litoralis
BOTU_247,Bacteria,Pseudomonadota,Gammaproteobacteria,Oceanospirillales,Halomonadaceae,Modicisalibacter,Modicisalibacter muralis,BOTU_247_Modicisalibacter muralis
BOTU_248,Bacteria,Bacteroidota,Cytophagia,Cytophagales,Flectobacillaceae,Flectobacillus,Flectobacillus pallidus,BOTU_248_Flectobacillus pallidus
BOTU_249,Bacteria,Bacillota,Tissierellia,Tissierellales,Peptoniphilaceae,Anaerococcus,Anaerococcus octavius,BOTU_249_Anaerococcus octavius
BOTU_250,Bacteria,Pseudomonadota,Gammaproteobacteria,Enterobacterales,Enterobacteriaceae,Enterobacter,Enterobacter kobei,BOTU_250_Enterobacter kobei
BOTU_251,Bacteria,Bacillota,Bacilli,Bacillales,Staphylococcaceae,Staphylococcus,Staphylococcus warneri,BOTU_251_Staphylococcus warneri
BOTU_252,Bacteria,Bacillota,Bacilli,Lactobacillales,Streptococcaceae,Streptococcus,Streptococcus sanguinis,BOTU_252_Streptococcus sanguinis
BOTU_253,Bacteria,Pseudomonadota,Alphaproteobacteria,Rhodobacterales,Paracoccaceae,Pseudotabrizicola,Pseudotabrizicola algicola,BOTU_253_Pseudotabrizicola algicola
BOTU_254,Bacteria,Pseudomonadota,Gammaproteobacteria,Enterobacterales,Enterobacteriaceae,Enterobacter,Enterobacter soli,BOTU_254_Enterobacter soli
BOTU_255,Bacteria,Pseudomonadota,Gammaproteobacteria,Enterobacterales,Erwiniaceae,Pantoea,Pantoea dispersa,BOTU_255_Pantoea dispersa
BOTU_256,Bacteria,Pseudomonadota,Betaproteobacteria,Neisseriales,Chitinibacteraceae,Chitinibacter,Chitinibacter tainanensis,BOTU_256_Chitinibacter tainanensis
BOTU_257,Bacteria,Pseudomonadota,Betaproteobacteria,Burkholderiales,Oxalobacteraceae,Janthinobacterium,Janthinobacterium aquaticum,BOTU_257_Janthinobacterium aquaticum
BOTU_258,Bacteria,Pseudomonadota,Gammaproteobacteria,Enterobacterales,Enterobacteriaceae,Kluyvera,Kluyvera georgiana,BOTU_258_Kluyvera georgiana
BOTU_259,Bacteria,Pseudomonadota,Betaproteobacteria,Burkholderiales,Oxalobacteraceae,Herbaspirillum,Herbaspirillum rhizosphaerae,BOTU_259_Herbaspirillum rhizosphaerae
BOTU_260,Bacteria,Bacillota,Bacilli,Lactobacillales,Lactobacillaceae,Pediococcus,Pediococcus pentosaceus,BOTU_260_Pediococcus pentosaceus
BOTU_261,Bacteria,Pseudomonadota,Gammaproteobacteria,Enterobacterales,Erwiniaceae,Mixta,Mixta gaviniae,BOTU_261_Mixta gaviniae
BOTU_262,Bacteria,Pseudomonadota,Gammaproteobacteria,Enterobacterales,Erwiniaceae,Mixta,Mixta calida,BOTU_262_Mixta calida
BOTU_263,Bacteria,Pseudomonadota,Gammaproteobacteria,Aeromonadales,Aeromonadaceae,Aeromonas,Aeromonas diversa,BOTU_263_Aeromonas diversa
BOTU_264,Bacteria,Bacillota,Bacilli,Lactobacillales,Enterococcaceae,Enterococcus,Enterococcus viikkiensis,BOTU_264_Enterococcus viikkiensis
BOTU_265,Bacteria,Bacillota,Clostridia,Eubacteriales,Eubacteriales_Incertae_sedis,Levyella,Levyella massiliensis,BOTU_265_Levyella massiliensis
BOTU_266,Bacteria,Bacillota,Bacilli,Bacillales,Bacillaceae,Bacillus,Bacillus licheniformis,BOTU_266_Bacillus licheniformis
BOTU_267,Bacteria,Pseudomonadota,Betaproteobacteria,Burkholderiales,Burkholderiaceae,Polynucleobacter,Polynucleobacter wuianus,BOTU_267_Polynucleobacter wuianus
BOTU_268,Bacteria,Bacillota,Bacilli,Lactobacillales,Enterococcaceae,Tetragenococcus,Tetragenococcus osmophilus,BOTU_268_Tetragenococcus osmophilus
BOTU_269,Bacteria,Bacillota,Bacilli,Bacillales,Bacillaceae,Metabacillus,Metabacillus schmidteae,BOTU_269_Metabacillus schmidteae
BOTU_270,Bacteria,Pseudomonadota,Gammaproteobacteria,Enterobacterales,Enterobacteriaceae,Leclercia,Leclercia pneumoniae,BOTU_270_Leclercia pneumoniae
BOTU_271,Bacteria,Pseudomonadota,Alphaproteobacteria,Sphingomonadales,Sphingomonadaceae,Sphingomonas,Sphingomonas gilva,BOTU_271_Sphingomonas gilva
BOTU_272,Bacteria,Actinomycetota,Actinomycetes,Mycobacteriales,Corynebacteriaceae,Corynebacterium,Corynebacterium bouchesdurhonense,BOTU_272_Corynebacterium bouchesdurhonense
BOTU_273,Bacteria,Pseudomonadota,Gammaproteobacteria,Aeromonadales,Aeromonadaceae,Aeromonas,Aeromonas rivipollensis,BOTU_273_Aeromonas rivipollensis
BOTU_274,Bacteria,Pseudomonadota,Gammaproteobacteria,Aeromonadales,Aeromonadaceae,Aeromonas,Aeromonas sanarellii,BOTU_274_Aeromonas sanarellii
BOTU_275,Bacteria,Pseudomonadota,Gammaproteobacteria,Enterobacterales,Enterobacteriaceae,Pseudescherichia,Pseudescherichia vulneris,BOTU_275_Pseudescherichia vulneris
BOTU_276,Bacteria,Pseudomonadota,Alphaproteobacteria,Rhodobacterales,Paracoccaceae,Tabrizicola,Tabrizicola thermarum,BOTU_276_Tabrizicola thermarum
BOTU_277,Bacteria,Pseudomonadota,Gammaproteobacteria,Aeromonadales,Aeromonadaceae,Aeromonas,Aeromonas tecta,BOTU_277_Aeromonas tecta
BOTU_278,Bacteria,Bacillota,Clostridia,Eubacteriales,Clostridiaceae,Clostridium,Clostridium sardiniense,BOTU_278_Clostridium sardiniense
BOTU_279,Bacteria,Bacillota,Clostridia,Peptostreptococcales,Peptostreptococcaceae,Paraclostridium,Paraclostridium tenue,BOTU_279_Paraclostridium tenue
BOTU_280,Bacteria,Pseudomonadota,Gammaproteobacteria,Pseudomonadales,Pseudomonadaceae,Pseudomonas,Pseudomonas laurentiana,BOTU_280_Pseudomonas laurentiana
BOTU_281,Bacteria,Pseudomonadota,Gammaproteobacteria,Pseudomonadales,Pseudomonadaceae,Pseudomonas,Pseudomonas khazarica,BOTU_281_Pseudomonas khazarica
BOTU_282,Bacteria,Pseudomonadota,Gammaproteobacteria,Enterobacterales,Enterobacteriaceae,Phytobacter,Phytobacter palmae,BOTU_282_Phytobacter palmae
BOTU_283,Bacteria,Pseudomonadota,Gammaproteobacteria,Enterobacterales,Enterobacteriaceae,Raoultella,Raoultella ornithinolytica,BOTU_283_Raoultella ornithinolytica
BOTU_284,Bacteria,Bacillota,Bacilli,Bacillales,Bacillaceae,Bacillus,Bacillus infantis,BOTU_284_Bacillus infantis
BOTU_285,Bacteria,Pseudomonadota,Gammaproteobacteria,Pseudomonadales,Pseudomonadaceae,Pseudomonas,Pseudomonas veronii,BOTU_285_Pseudomonas veronii
BOTU_286,Bacteria,Actinomycetota,Actinomycetes,Micrococcales,Promicromonosporaceae,Isoptericola,Isoptericola jiangsuensis,BOTU_286_Isoptericola jiangsuensis
BOTU_287,Bacteria,Pseudomonadota,Gammaproteobacteria,Pseudomonadales,Pseudomonadaceae,Pseudomonas,Pseudomonas juntendi,BOTU_287_Pseudomonas juntendi
BOTU_288,Bacteria,Actinomycetota,Actinomycetes,Propionibacteriales,Nocardioidaceae,Aeromicrobium,Aeromicrobium massiliense,BOTU_288_Aeromicrobium massiliense
BOTU_289,Bacteria,Actinomycetota,Actinomycetes,Micrococcales,Micrococcaceae,Micrococcus,Micrococcus yunnanensis,BOTU_289_Micrococcus yunnanensis
BOTU_290,Bacteria,Pseudomonadota,Gammaproteobacteria,Enterobacterales,Morganellaceae,Proteus,Proteus hauseri,BOTU_290_Proteus hauseri
BOTU_291,Bacteria,Pseudomonadota,Gammaproteobacteria,Enterobacterales,Erwiniaceae,Pantoea,Pantoea anthophila,BOTU_291_Pantoea anthophila
BOTU_292,Bacteria,Pseudomonadota,Gammaproteobacteria,Enterobacterales,Yersiniaceae,Gibbsiella,Gibbsiella quercinecans,BOTU_292_Gibbsiella quercinecans
BOTU_293,Bacteria,Pseudomonadota,Gammaproteobacteria,Enterobacterales,Enterobacteriaceae,Tenebrionicola,Tenebrionicola larvae,BOTU_293_Tenebrionicola larvae
BOTU_294,Bacteria,Pseudomonadota,Gammaproteobacteria,Enterobacterales,Yersiniaceae,Serratia,Serratia fonticola,BOTU_294_Serratia fonticola
BOTU_295,Bacteria,Pseudomonadota,Gammaproteobacteria,Enterobacterales,Yersiniaceae,Serratia,Serratia odorifera,BOTU_295_Serratia odorifera
BOTU_296,Bacteria,Pseudomonadota,Gammaproteobacteria,Enterobacterales,Yersiniaceae,Serratia,Serratia rubidaea,BOTU_296_Serratia rubidaea
BOTU_297,Bacteria,Actinomycetota,Actinomycetes,Propionibacteriales,Nocardioidaceae,Nocardioides,Nocardioides islandensis,BOTU_297_Nocardioides islandensis
BOTU_298,Bacteria,Pseudomonadota,Gammaproteobacteria,Pasteurellales,Pasteurellaceae,Haemophilus,Haemophilus parainfluenzae,BOTU_298_Haemophilus parainfluenzae
BOTU_299,Bacteria,Pseudomonadota,Gammaproteobacteria,Legionellales,Legionellaceae,Legionella,Legionella pneumophila,BOTU_299_Legionella pneumophila
BOTU_300,Bacteria,Pseudomonadota,Gammaproteobacteria,Moraxellales,Moraxellaceae,Acinetobacter,Acinetobacter bereziniae,BOTU_300_Acinetobacter bereziniae
BOTU_301,Bacteria,Pseudomonadota,Gammaproteobacteria,Moraxellales,Moraxellaceae,Acinetobacter,Acinetobacter dispersus,BOTU_301_Acinetobacter dispersus
BOTU_302,Bacteria,Pseudomonadota,Gammaproteobacteria,Moraxellales,Moraxellaceae,Acinetobacter,Acinetobacter lwoffii,BOTU_302_Acinetobacter lwoffii
BOTU_303,Bacteria,Bacillota,Bacilli,Bacillales,Bacillaceae,Bacillus,Bacillus cereus,BOTU_303_Bacillus cereus
BOTU_304,Bacteria,Pseudomonadota,Gammaproteobacteria,Moraxellales,Moraxellaceae,Acinetobacter,Acinetobacter oleivorans,BOTU_304_Acinetobacter oleivorans
BOTU_305,Bacteria,Pseudomonadota,Gammaproteobacteria,Moraxellales,Moraxellaceae,Acinetobacter,Acinetobacter oryzae,BOTU_305_Acinetobacter oryzae
BOTU_306,Bacteria,Pseudomonadota,Gammaproteobacteria,Moraxellales,Moraxellaceae,Moraxella,Moraxella nonliquefaciens,BOTU_306_Moraxella nonliquefaciens
BOTU_307,Bacteria,Actinomycetota,Actinomycetes,Micrococcales,Ornithinimicrobiaceae,Serinicoccus,Serinicoccus profundi,BOTU_307_Serinicoccus profundi
BOTU_308,Bacteria,Pseudomonadota,Gammaproteobacteria,Aeromonadales,Aeromonadaceae,Aeromonas,Aeromonas taiwanensis,BOTU_308_Aeromonas taiwanensis
BOTU_309,Bacteria,Bacillota,Bacilli,Bacillales,Bacillaceae,Bacillus,Bacillus nitratireducens,BOTU_309_Bacillus nitratireducens
BOTU_310,Bacteria,Pseudomonadota,Alphaproteobacteria,Sphingomonadales,Sphingomonadaceae,Sphingopyxis,Sphingopyxis soli,BOTU_310_Sphingopyxis soli
BOTU_311,Bacteria,Pseudomonadota,Alphaproteobacteria,Hyphomicrobiales,Methylocystaceae,Methylocystis,Methylocystis echinoides,BOTU_311_Methylocystis echinoides
BOTU_312,Bacteria,Pseudomonadota,Alphaproteobacteria,Hyphomicrobiales,Nitrobacteraceae,Bradyrhizobium,Bradyrhizobium ganzhouense,BOTU_312_Bradyrhizobium ganzhouense
BOTU_313,Bacteria,Pseudomonadota,Alphaproteobacteria,Hyphomicrobiales,Nitrobacteraceae,Bradyrhizobium,Bradyrhizobium rifense,BOTU_313_Bradyrhizobium rifense
BOTU_314,Bacteria,Pseudomonadota,Alphaproteobacteria,Hyphomicrobiales,Reyranellaceae,Reyranella,Reyranella aquatilis,BOTU_314_Reyranella aquatilis
BOTU_315,Bacteria,Pseudomonadota,Alphaproteobacteria,Hyphomicrobiales,Rhizobiaceae,Ensifer,Ensifer collicola,BOTU_315_Ensifer collicola
BOTU_316,Bacteria,Pseudomonadota,Alphaproteobacteria,Rhodospirillales,Azospirillaceae,Oleisolibacter,Oleisolibacter albus,BOTU_316_Oleisolibacter albus
BOTU_317,Bacteria,Pseudomonadota,Betaproteobacteria,Burkholderiales,Burkholderiaceae,Polynucleobacter,Polynucleobacter hirudinilacicola,BOTU_317_Polynucleobacter hirudinilacicola
BOTU_318,Bacteria,Pseudomonadota,Alphaproteobacteria,Hyphomicrobiales,Brucellaceae,Brucella,Brucella intermedia,BOTU_318_Brucella intermedia
BOTU_319,Bacteria,Actinomycetota,Actinomycetes,Micrococcales,Microbacteriaceae,Microbacterium,Microbacterium ginsengisoli,BOTU_319_Microbacterium ginsengisoli
BOTU_320,Bacteria,Pseudomonadota,Betaproteobacteria,Burkholderiales,Burkholderiaceae,Polynucleobacter,Polynucleobacter yangtzensis,BOTU_320_Polynucleobacter yangtzensis
BOTU_321,Bacteria,Pseudomonadota,Betaproteobacteria,Burkholderiales,Burkholderiales_Incertae_sedis,Aquabacterium,Aquabacterium parvum,BOTU_321_Aquabacterium parvum
BOTU_322,Bacteria,Pseudomonadota,Betaproteobacteria,Burkholderiales,Burkholderiales_Incertae_sedis,Aquabacterium,Aquabacterium terrae,BOTU_322_Aquabacterium terrae
BOTU_323,Bacteria,Pseudomonadota,Betaproteobacteria,Burkholderiales,Comamonadaceae,Comamonas,Comamonas aquatica,BOTU_323_Comamonas aquatica
BOTU_324,Bacteria,Bacillota,Bacilli,Lactobacillales,Streptococcaceae,Streptococcus,Streptococcus mitis,BOTU_324_Streptococcus mitis
BOTU_325,Bacteria,Pseudomonadota,Alphaproteobacteria,Hyphomicrobiales,Brucellaceae,Brucella,Brucella pseudogrignonensis,BOTU_325_Brucella pseudogrignonensis
BOTU_326,Bacteria,Pseudomonadota,Alphaproteobacteria,Caulobacterales,Caulobacteraceae,Phenylobacterium,Phenylobacterium kunshanense,BOTU_326_Phenylobacterium kunshanense
BOTU_327,Bacteria,Pseudomonadota,Gammaproteobacteria,Enterobacterales,Enterobacteriaceae,Kosakonia,Kosakonia quasisacchari,BOTU_327_Kosakonia quasisacchari
BOTU_328,Bacteria,Bacillota,Negativicutes,Veillonellales,Veillonellaceae,Veillonella,Veillonella nakazawae,BOTU_328_Veillonella nakazawae
BOTU_329,Bacteria,Bacillota,Clostridia,Eubacteriales,Clostridiaceae,Clostridium,Clostridium sartagoforme,BOTU_329_Clostridium sartagoforme
BOTU_330,Bacteria,Bacillota,Erysipelotrichia,Erysipelotrichales,Coprobacillaceae,Coprobacillus,Coprobacillus cateniformis,BOTU_330_Coprobacillus cateniformis
BOTU_331,Bacteria,Bacillota,Clostridia,Eubacteriales,Clostridiaceae,Clostridium,Clostridium cagae,BOTU_331_Clostridium cagae
BOTU_332,Bacteria,Bacillota,Negativicutes,Selenomonadales,Sporomusaceae,Anaeroarcus,Anaeroarcus burkinensis,BOTU_332_Anaeroarcus burkinensis
BOTU_333,Bacteria,Bacillota,Negativicutes,Selenomonadales,Sporomusaceae,Sporomusa,Sporomusa sphaeroides,BOTU_333_Sporomusa sphaeroides
BOTU_334,Bacteria,Bacillota,Negativicutes,Veillonellales,Veillonellaceae,Negativicoccus,Negativicoccus massiliensis,BOTU_334_Negativicoccus massiliensis
BOTU_335,Bacteria,Bacillota,Negativicutes,Veillonellales,Veillonellaceae,Veillonella,Veillonella parvula,BOTU_335_Veillonella parvula
BOTU_336,Bacteria,Pseudomonadota,Alphaproteobacteria,Caulobacterales,Caulobacteraceae,Caulobacter,Caulobacter segnis,BOTU_336_Caulobacter segnis
BOTU_337,Bacteria,Bacillota,Bacilli,Lactobacillales,Streptococcaceae,Streptococcus,Streptococcus thermophilus,BOTU_337_Streptococcus thermophilus
BOTU_338,Bacteria,Campylobacterota,Epsilonproteobacteria,Campylobacterales,Helicobacteraceae,Helicobacter,Helicobacter mustelae,BOTU_338_Helicobacter mustelae
BOTU_339,Bacteria,Cyanobacteriota,Cyanophyceae,Chroococcidiopsidales,Chroococcidiopsidaceae,Chroococcidiopsis,Chroococcidiopsis muralis,BOTU_339_Chroococcidiopsis muralis
BOTU_340,Bacteria,Cyanobacteriota,Cyanophyceae,Nostocales,Nostocaceae,Neowollea,Neowollea manoromense,BOTU_340_Neowollea manoromense
BOTU_341,Bacteria,Bacillota,Bacilli,Lactobacillales,Streptococcaceae,Streptococcus,Streptococcus parasanguinis,BOTU_341_Streptococcus parasanguinis
BOTU_342,Bacteria,Pseudomonadota,Alphaproteobacteria,Caulobacterales,Caulobacteraceae,Brevundimonas,Brevundimonas pondensis,BOTU_342_Brevundimonas pondensis
BOTU_343,Bacteria,Pseudomonadota,Betaproteobacteria,Burkholderiales,Comamonadaceae,Hydrogenophaga,Hydrogenophaga soli,BOTU_343_Hydrogenophaga soli
BOTU_344,Bacteria,Pseudomonadota,Betaproteobacteria,Burkholderiales,Comamonadaceae,Paenacidovorax,Paenacidovorax caeni,BOTU_344_Paenacidovorax caeni
BOTU_345,Bacteria,Pseudomonadota,Betaproteobacteria,Burkholderiales,Comamonadaceae,Xenophilus,Xenophilus aerolatus,BOTU_345_Xenophilus aerolatus
BOTU_346,Bacteria,Bacillota,Bacilli,Lactobacillales,Carnobacteriaceae,Trichococcus,Trichococcus pasteurii,BOTU_346_Trichococcus pasteurii
BOTU_347,Bacteria,Pseudomonadota,Gammaproteobacteria,Aeromonadales,Aeromonadaceae,Aeromonas,Aeromonas schubertii,BOTU_347_Aeromonas schubertii
BOTU_348,Bacteria,Bacillota,Bacilli,Lactobacillales,Enterococcaceae,Tetragenococcus,Tetragenococcus halophilus,BOTU_348_Tetragenococcus halophilus
BOTU_349,Bacteria,Pseudomonadota,Gammaproteobacteria,Alteromonadales,Alteromonadaceae,Alteromonas,Alteromonas gracilis,BOTU_349_Alteromonas gracilis
BOTU_350,Bacteria,Pseudomonadota,Gammaproteobacteria,Alteromonadales,Alteromonadaceae,Alteromonas,Alteromonas marina,BOTU_350_Alteromonas marina
BOTU_351,Bacteria,Bacillota,Bacilli,Lactobacillales,Enterococcaceae,Enterococcus,Enterococcus hermanniensis,BOTU_351_Enterococcus hermanniensis
BOTU_352,Bacteria,Bacillota,Bacilli,Lactobacillales,Enterococcaceae,Enterococcus,Enterococcus faecalis,BOTU_352_Enterococcus faecalis
BOTU_353,Bacteria,Bacillota,Bacilli,Bacillales,Staphylococcaceae,Staphylococcus,Staphylococcus ureilyticus,BOTU_353_Staphylococcus ureilyticus
BOTU_354,Bacteria,Pseudomonadota,Betaproteobacteria,Burkholderiales,Oxalobacteraceae,Janthinobacterium,Janthinobacterium agaricidamnosum,BOTU_354_Janthinobacterium agaricidamnosum
BOTU_355,Bacteria,Bacillota,Bacilli,Bacillales,Staphylococcaceae,Staphylococcus,Staphylococcus cohnii,BOTU_355_Staphylococcus cohnii
BOTU_356,Bacteria,Bacillota,Bacilli,Bacillales,Paenibacillaceae,Paenibacillus,Paenibacillus shenyangensis,BOTU_356_Paenibacillus shenyangensis
BOTU_357,Bacteria,Bacillota,Bacilli,Bacillales,Gemellaceae,Gemella,Gemella haemolysans,BOTU_357_Gemella haemolysans
BOTU_358,Bacteria,Bacillota,Bacilli,Bacillales,Bacillaceae,Pallidibacillus,Pallidibacillus thermolactis,BOTU_358_Pallidibacillus thermolactis
BOTU_359,Bacteria,Bacillota,Bacilli,Bacillales,Bacillaceae,Ectobacillus,Ectobacillus funiculus,BOTU_359_Ectobacillus funiculus
BOTU_360,Bacteria,Bacillota,Bacilli,Bacillales,Bacillaceae,Bacillus,Bacillus rugosus,BOTU_360_Bacillus rugosus
BOTU_361,Bacteria,Pseudomonadota,Gammaproteobacteria,Aeromonadales,Aeromonadaceae,Aeromonas,Aeromonas popoffii,BOTU_361_Aeromonas popoffii
BOTU_362,Bacteria,Pseudomonadota,Gammaproteobacteria,Aeromonadales,Aeromonadaceae,Aeromonas,Aeromonas lusitana,BOTU_362_Aeromonas lusitana
BOTU_363,Bacteria,Pseudomonadota,Gammaproteobacteria,Aeromonadales,Aeromonadaceae,Aeromonas,Aeromonas finlandensis,BOTU_363_Aeromonas finlandensis
BOTU_364,Bacteria,Bacillota,Bacilli,Lactobacillales,Lactobacillaceae,Latilactobacillus,Latilactobacillus sakei,BOTU_364_Latilactobacillus sakei
BOTU_365,Bacteria,Pseudomonadota,Gammaproteobacteria,Aeromonadales,Aeromonadaceae,Aeromonas,Aeromonas bivalvium,BOTU_365_Aeromonas bivalvium
BOTU_366,Bacteria,Bacillota,Bacilli,Lactobacillales,Lactobacillaceae,Leuconostoc,Leuconostoc lactis,BOTU_366_Leuconostoc lactis
BOTU_367,Bacteria,Pseudomonadota,Betaproteobacteria,Neisseriales,Chromobacteriaceae,Vogesella,Vogesella urethralis,BOTU_367_Vogesella urethralis
BOTU_368,Bacteria,Bacillota,Bacilli,Lactobacillales,Streptococcaceae,Streptococcus,Streptococcus gwangjuense,BOTU_368_Streptococcus gwangjuense
BOTU_369,Bacteria,Pseudomonadota,Betaproteobacteria,Burkholderiales,Sphaerotilaceae,Sphaerotilus,Sphaerotilus montanus,BOTU_369_Sphaerotilus montanus
BOTU_370,Bacteria,Pseudomonadota,Betaproteobacteria,Burkholderiales,Sphaerotilaceae,Sphaerotilus,Sphaerotilus mobilis,BOTU_370_Sphaerotilus mobilis
BOTU_371,Bacteria,Pseudomonadota,Betaproteobacteria,Burkholderiales,Sphaerotilaceae,Rubrivivax,Rubrivivax rivuli,BOTU_371_Rubrivivax rivuli
BOTU_372,Bacteria,Pseudomonadota,Betaproteobacteria,Burkholderiales,Sphaerotilaceae,Roseateles,Pelomonas aquatica,BOTU_372_Pelomonas aquatica
BOTU_373,Bacteria,Pseudomonadota,Betaproteobacteria,Burkholderiales,Sphaerotilaceae,Methylibium,Methylibium petroleiphilum,BOTU_373_Methylibium petroleiphilum
BOTU_374,Bacteria,Pseudomonadota,Betaproteobacteria,Burkholderiales,Sphaerotilaceae,Ideonella,Ideonella dechloratans,BOTU_374_Ideonella dechloratans
BOTU_375,Bacteria,Bacillota,Bacilli,Lactobacillales,Streptococcaceae,Streptococcus,Streptococcus koreensis,BOTU_375_Streptococcus koreensis
BOTU_376,Bacteria,Pseudomonadota,Betaproteobacteria,Burkholderiales,Oxalobacteraceae,Massilia,Massilia tieshanensis,BOTU_376_Massilia tieshanensis
BOTU_377,Bacteria,Pseudomonadota,Betaproteobacteria,Burkholderiales,Oxalobacteraceae,Lacisediminimonas,Lacisediminimonas profundi,BOTU_377_Lacisediminimonas profundi
BOTU_378,Bacteria,Actinomycetota,Actinomycetes,Micrococcales,Microbacteriaceae,Curtobacterium,Curtobacterium citreum,BOTU_378_Curtobacterium citreum